sku;nome_referencia;peso_kg;largura_cm;altura_cm;comprimento_cm
SCH-AIRFRY-5;Air fryer 5 litros;;;;
SCH-ANT-DIG;Antena digital interna;;;;
SCH-ASP-PO;Aspirador de pó vertical;;;;
SCH-BEB-AGU;Bebedouro de mesa;;;;
SCH-BEL-APA;Aparador de pelos nasal;;;;
SCH-BEL-BAB;Modelador de cachos;;;;
SCH-BEL-BAL;Balança digital de banheiro;;;;
SCH-BEL-BAR;Barbeador elétrico recarregável;;;;
SCH-BEL-CHA;Chapinha cerâmica;;;;
SCH-BEL-ESC;Escova secadora 2 em 1;;;;
SCH-BEL-ESP;Espelho de aumento com LED;;;;
SCH-BEL-KIT;Kit manicure 10 peças;;;;
SCH-BEL-MAS;Massageador facial portátil;;;;
SCH-BEL-SEC;Secador de cabelo 2000W;;;;
SCH-CABO-HDMI;Cabo HDMI 2.0 2 m;;;;
SCH-CAF-ESP;Cafeteira espresso 20 bar;;;;
SCH-CEL-CABO;Cabo USB-C 1,5 m reforçado;;;;
SCH-CEL-CAPA;Capa protetora universal para celular;;;;
SCH-CEL-CARR;Carregador USB-C 25W;;;;
SCH-CEL-EAR;Fones intra-auriculares com fio;;;;
SCH-CEL-PEL;Película de vidro temperado;;;;
SCH-CEL-POW;Power bank 10000 mAh;;;;
SCH-CEL-RING;Anel de apoio para celular;;;;
SCH-CEL-SUP;Suporte veicular magnético;;;;
SCH-COP-VID;Jogo de copos 6 unidades;;;;
SCH-ELE-ALAR;Alarme residencial sem fio;;;;
SCH-ELE-CAM;Câmera de ação 4K;;;;
SCH-ELE-DRONE;Drone com câmera HD;;;;
SCH-ELE-GPS;"GPS automotivo 5""";;;;
SCH-ELE-IMP;Impressora jato de tinta Wi-Fi;;;;
SCH-ELE-KIND;Leitor digital de e-books;;;;
SCH-ELE-RAD;Rádio portátil AM/FM;;;;
SCH-ELE-ROBO;Robô aspirador básico;;;;
SCH-ELE-SMART;Smartwatch com monitor cardíaco;;;;
SCH-ELE-TAB;"Tablet 10"" 64GB Wi-Fi";;;;
SCH-FER-ALI;"Alicate universal 8""";;;;
SCH-FER-CAIX;"Caixa de ferramentas 16""";;;;
SCH-FER-CHA;Jogo de chaves combinadas 12 peças;;;;
SCH-FER-FUR;Furadeira sem fio 12V;;;;
SCH-FER-MAR;Martelo unha 25 mm;;;;
SCH-FER-MULT;Multímetro digital;;;;
SCH-FER-NIV;Nível a laser portátil;;;;
SCH-FER-PAR;Parafusadeira com kit de bits;;;;
SCH-FER-PAS;Ferro a vapor com base antiaderente;;;;
SCH-FER-SER;Serra tico-tico 500W;;;;
SCH-FER-TRA;Trena 5 m com trava;;;;
SCH-FONE-ANC;Fone Bluetooth com cancelamento de ruído;;;;
SCH-FONE-EST;Fone Bluetooth com estojo;;;;
SCH-HD-EXT1;HD externo 1TB USB 3.0;;;;
SCH-HOME-TH;Home theater 5.1;;;;
SCH-HUB-USB;Hub USB-C 7 em 1;;;;
SCH-LEN-CAS;Jogo de cama casal 4 peças;;;;
SCH-LIQ-1200;Liquidificador 1200W;;;;
SCH-LIX-PED;Lixeira com pedal 30 L;;;;
SCH-MICRO-20;Forno micro-ondas 20 litros;;;;
SCH-MOD-BON;Boné ajustável;;;;
SCH-MOD-BON2;Touca beanie unissex;;;;
SCH-MOD-CAR;Carteira slim anti-RFID;;;;
SCH-MOD-CIN;Cinto de couro sintético;;;;
SCH-MOD-LEN;Lenço estampado;;;;
SCH-MOD-MEI;Meia esportiva kit 3 pares;;;;
SCH-MOD-MOCH;Mochila urbana 20L;;;;
SCH-MOD-OCI;Óculos de sol UV400;;;;
SCH-MOD-POR;Porta-cartões;;;;
SCH-MOD-REL;Relógio digital esportivo;;;;
SCH-MOUS-PAD;Mouse pad XL com base antiderrapante;;;;
SCH-MOUSE-WL;Mouse sem fio ergonômico;;;;
SCH-MULTI-PA;Panela elétrica multifuncional;;;;
SCH-NOTE-14;"Notebook 14"" 16GB 512GB SSD";;;;
SCH-NOTE-156;"Notebook 15,6"" 8GB 256GB SSD";;;;
SCH-ORG-ARM;Organizadores para armário kit 3;;;;
SCH-ORG-COZ;Organizador de cozinha modular;;;;
SCH-PAN-ANTI;Jogo de panela antiaderente 5 peças;;;;
SCH-PROJ-FUL;Projetor Full HD portátil;;;;
SCH-SAND-GRI;Sanduicheira grill;;;;
SCH-SOM-BAR;Soundbar 2.1 com subwoofer;;;;
SCH-SOM-BT;Caixa de som Bluetooth portátil;;;;
SCH-SSD-1TB;SSD portátil 1TB USB-C;;;;
SCH-STR-4K;Streaming stick 4K;;;;
SCH-SUP-TV;"Suporte articulado para TV 32–65""";;;;
SCH-TAL-INO;Faqueiro inox 24 peças;;;;
SCH-TECL-MEC;Teclado mecânico compacto;;;;
SCH-TOA-BAN;Jogo de toalhas 5 peças;;;;
SCH-TRA-SAL;Travesseiro viscoelástico;;;;
SCH-TV-43-FHD;"Smart TV 43"" Full HD";;;;
SCH-TV-50-4K;"Smart TV 50"" 4K UHD";;;;
SCH-TV-65-4K;"Smart TV 65"" 4K UHD";;;;
SCH-UTI-CAB;Cabideiro de porta;;;;
SCH-UTI-ESC;Escada doméstica 3 degraus;;;;
SCH-UTI-EXT;Extensão 5 tomadas 3 m;;;;
SCH-UTI-FIT;Fita adesiva reforçada 3 rolos;;;;
SCH-UTI-GAR;Garrafa térmica inox 1L;;;;
SCH-UTI-LAN;Lancheira térmica;;;;
SCH-UTI-LED;Lanterna LED recarregável;;;;
SCH-UTI-ORG;Organizadores de gaveta kit 4;;;;
SCH-UTI-PIL;Kit pilhas AA/AAA recarregáveis;;;;
SCH-UTI-UMB;Guarda-chuva compacto;;;;
SCH-VAR-CHA;Varal de chão com abas;;;;
SCH-VENT-40;Ventilador de mesa 40 cm;;;;
SCH-WEBCAM-F;Webcam Full HD com microfone;;;;
